{
    "gyroscope":{
        "x":-0.053862726252027,
        "y":0.0296838975376844,
        "z":-0.047357328081542
    },
    "accelerometer":{
        "x":0.156763746224595,
        "y":-0.0124772591828004,
        "z":-0.0432612831326884
    }
}