{
    "gyroscope":{
        "x":-0.046537926,
        "y":0.02483659,
        "z":-0.03746903
    },
    "accelerometer":{
        "x": 0.04978910000000003,
        "y": -0.013375200000000032,
        "z": -0.07394632999999995
    },
    "mag":{
        "x":-0.42083329260349,
        "y":-0.37516665905714,
        "z":-1.06658334285021
    },
    "accel_range":[2.2145517999999997,2.1893384,2.2421761399999998],
    "c_matrix":[1.0,0.0,0.0, 0.0,0.0,1.0, 0.0,1.0,0.0 ]
}