{
    "gyroscope":{
        "x":-0.046537926,
        "y":0.02483659,
        "z":-0.03746903
    },
    "accelerometer":{
        "x": 0.05526816191345214,
        "y":-0.029059949999999997,
        "z":-0.044953998287200925
    },
    "mag":{
        "x":-0.26775,
        "y":-0.15,
        "z":-0.93208335665986
    },
    "c_matrix":[0.0,0.0,0.0, 0.0,0.0,0.0, 0.0,0.0,0.0 ]
}