{
    "gyroscope":{
        "x":-0.048862726252027,
        "y":0.0276838975376844,
        "z":-0.044357328081542
    },
    "accelerometer":{
        "x":0.156763746224595,
        "y":-0.0124772591828004,
        "z":-0.0732612831326884
    },
    "mag":{
        "x":-0.26775,
        "y":-0.15,
        "z":-0.93208335665986
    },
    "c_matrix":[1.0,0.0,0.0, 0.0,1.0,0.0, 0.0,0.0,1.0 ]
}