{
    "gyroscope":{
        "x":-0.046537926,
        "y":0.02483659,
        "z":-0.03746903
    },
    "accelerometer":{
        "x": 0.04978910000000003,
        "y": -0.013375200000000032,
        "z": -0.07394632999999995
    },
    "mag":{
        "x":-0.26775,
        "y":-0.15,
        "z":-0.93208335665986
    },
    "c_matrix":[0.0,0.0,0.0, 0.0,0.0,0.0, 0.0,0.0,0.0 ]
}