{
    "gyroscope":{
        "x":-0.046537926,
        "y":0.02483659,
        "z":-0.03746903
    },
    "accelerometer":{
        "x": 0.04476469999999999,
        "y": -0.04185239,
        "z": -0.0487789
    },
    "mag":{
        "x":-0.26775,
        "y":-0.15,
        "z":-0.93208335665986
    },
    "c_matrix":[0.0,0.0,0.0, 0.0,0.0,0.0, 0.0,0.0,0.0 ]
}